service,minute,request_count,average_latency_ms,p50_latency_ms,p95_latency_ms,p99_latency_ms,error_rate
catalog,2025-01-12T09:00:00Z,1,164.0,164.0,164.0,164.0,1.0
checkout,2025-01-12T09:00:00Z,1,162.0,162.0,162.0,162.0,0.0
payments,2025-01-12T09:00:00Z,1,55.0,55.0,55.0,55.0,0.0
search,2025-01-12T09:00:00Z,1,258.0,258.0,258.0,258.0,0.0
auth,2025-01-12T09:01:00Z,2,30.5,30.5,34.55,34.91,0.5
checkout,2025-01-12T09:01:00Z,1,160.0,160.0,160.0,160.0,0.0
payments,2025-01-12T09:01:00Z,3,149.0,140.0,210.2,216.44,0.3333
search,2025-01-12T09:01:00Z,1,139.0,139.0,139.0,139.0,0.0
auth,2025-01-12T09:02:00Z,2,133.5,133.5,145.65,146.73,1.0
catalog,2025-01-12T09:02:00Z,2,275.0,275.0,284.9,285.78,1.0
checkout,2025-01-12T09:02:00Z,1,120.0,120.0,120.0,120.0,1.0
payments,2025-01-12T09:02:00Z,1,224.0,224.0,224.0,224.0,1.0
search,2025-01-12T09:02:00Z,4,94.25,105.5,141.05,142.61,0.25
catalog,2025-01-12T09:03:00Z,3,179.33,184.0,294.7,304.54,0.0
payments,2025-01-12T09:03:00Z,2,149.5,149.5,192.25,196.05,0.0
auth,2025-01-12T09:04:00Z,1,35.0,35.0,35.0,35.0,0.0
checkout,2025-01-12T09:04:00Z,2,55.0,55.0,55.0,55.0,0.5
payments,2025-01-12T09:04:00Z,1,121.0,121.0,121.0,121.0,0.0
search,2025-01-12T09:04:00Z,2,156.0,156.0,198.3,202.06,0.0
auth,2025-01-12T09:05:00Z,6,179.17,174.5,283.75,299.95,0.5
catalog,2025-01-12T09:05:00Z,2,309.5,309.5,377.45,383.49,0.0
checkout,2025-01-12T09:05:00Z,2,87.5,87.5,150.05,155.61,0.5
payments,2025-01-12T09:05:00Z,1,112.0,112.0,112.0,112.0,0.0
search,2025-01-12T09:05:00Z,5,166.0,154.5,206.2,212.44,0.6
auth,2025-01-12T09:06:00Z,1,52.0,52.0,52.0,52.0,1.0
checkout,2025-01-12T09:06:00Z,3,180.67,170.0,218.6,222.92,0.3333
payments,2025-01-12T09:06:00Z,3,174.67,157.0,208.3,212.86,0.3333
search,2025-01-12T09:06:00Z,1,97.0,97.0,97.0,97.0,0.0
auth,2025-01-12T09:07:00Z,2,305.5,305.5,350.95,354.99,0.0
catalog,2025-01-12T09:07:00Z,1,272.0,272.0,272.0,272.0,0.0
checkout,2025-01-12T09:07:00Z,1,235.0,235.0,235.0,235.0,0.0
payments,2025-01-12T09:07:00Z,4,212.5,190.0,400.65,420.93,0.75
search,2025-01-12T09:07:00Z,4,225.75,218.0,323.65,331.93,0.5
catalog,2025-01-12T09:08:00Z,3,238.0,279.0,306.9,309.38,0.3333
checkout,2025-01-12T09:08:00Z,3,117.67,105.0,175.2,181.44,0.3333
payments,2025-01-12T09:08:00Z,3,195.0,200.0,253.1,257.82,0.0
search,2025-01-12T09:08:00Z,1,265.0,265.0,265.0,265.0,0.0
auth,2025-01-12T09:09:00Z,1,167.0,167.0,167.0,167.0,1.0
catalog,2025-01-12T09:09:00Z,2,209.5,209.5,293.65,301.13,0.0
checkout,2025-01-12T09:09:00Z,3,162.67,182.0,250.4,256.48,0.6667
payments,2025-01-12T09:09:00Z,2,134.5,134.5,173.65,177.13,0.5
search,2025-01-12T09:09:00Z,2,133.5,133.5,252.75,263.35,0.5
auth,2025-01-12T09:10:00Z,2,103.5,103.5,169.65,175.53,0.5
catalog,2025-01-12T09:10:00Z,3,156.67,110.0,285.5,301.1,0.3333
payments,2025-01-12T09:10:00Z,3,145.0,70.0,317.5,339.5,0.6667
search,2025-01-12T09:10:00Z,3,179.67,156.0,221.7,227.54,0.6667
auth,2025-01-12T09:11:00Z,1,291.0,291.0,291.0,291.0,1.0
catalog,2025-01-12T09:11:00Z,3,201.0,144.0,331.2,347.84,0.6667
checkout,2025-01-12T09:11:00Z,2,155.5,155.5,166.75,167.75,0.0
payments,2025-01-12T09:11:00Z,3,225.33,243.0,295.2,299.84,0.0
search,2025-01-12T09:11:00Z,2,196.5,196.5,235.65,239.13,0.0
auth,2025-01-12T09:12:00Z,3,255.67,257.0,275.9,277.58,0.6667
catalog,2025-01-12T09:12:00Z,2,186.0,186.0,289.5,298.7,0.5
checkout,2025-01-12T09:12:00Z,1,117.0,117.0,117.0,117.0,0.0
payments,2025-01-12T09:12:00Z,4,231.75,195.0,369.25,391.45,0.0
search,2025-01-12T09:12:00Z,2,275.5,275.5,281.35,281.87,0.0
auth,2025-01-12T09:13:00Z,2,139.0,139.0,139.0,139.0,0.5
catalog,2025-01-12T09:13:00Z,1,211.0,211.0,211.0,211.0,1.0
checkout,2025-01-12T09:13:00Z,3,173.67,155.0,232.4,239.28,0.6667
payments,2025-01-12T09:13:00Z,3,172.0,203.0,229.1,231.42,0.6667
search,2025-01-12T09:13:00Z,3,211.33,202.0,256.0,260.8,0.0
auth,2025-01-12T09:14:00Z,1,145.0,145.0,145.0,145.0,0.0
catalog,2025-01-12T09:14:00Z,3,3241.33,229.0,8392.9,9118.58,0.0
checkout,2025-01-12T09:14:00Z,3,5600.33,80.0,15056.0,16387.2,0.6667
payments,2025-01-12T09:14:00Z,1,135.0,135.0,135.0,135.0,1.0
search,2025-01-12T09:14:00Z,5,172.4,165.0,299.4,300.68,0.4
catalog,2025-01-12T09:15:00Z,1,218.0,218.0,218.0,218.0,0.0
payments,2025-01-12T09:15:00Z,4,164.5,141.0,313.6,334.72,0.5
search,2025-01-12T09:15:00Z,2,189.0,189.0,289.8,298.76,1.0
auth,2025-01-12T09:16:00Z,2,146.5,146.5,179.35,182.27,0.5
catalog,2025-01-12T09:16:00Z,5,164.2,176.0,190.8,191.76,0.6
checkout,2025-01-12T09:16:00Z,1,142.0,142.0,142.0,142.0,1.0
payments,2025-01-12T09:16:00Z,2,121.0,121.0,229.0,238.6,0.0
search,2025-01-12T09:16:00Z,1,63.0,63.0,63.0,63.0,1.0
auth,2025-01-12T09:17:00Z,2,223.5,223.5,324.75,333.75,0.5
catalog,2025-01-12T09:17:00Z,3,227.67,225.0,307.8,315.16,0.3333
checkout,2025-01-12T09:17:00Z,1,196.0,196.0,196.0,196.0,1.0
payments,2025-01-12T09:17:00Z,1,282.0,282.0,282.0,282.0,0.0
search,2025-01-12T09:17:00Z,1,314.0,314.0,314.0,314.0,1.0
auth,2025-01-12T09:18:00Z,1,198.0,198.0,198.0,198.0,0.0
catalog,2025-01-12T09:18:00Z,2,2250.0,2250.0,4145.4,4313.88,0.0
checkout,2025-01-12T09:18:00Z,3,134.33,127.0,147.7,149.54,0.6667
search,2025-01-12T09:18:00Z,2,186.5,186.5,277.85,285.97,0.0
auth,2025-01-12T09:19:00Z,3,250.67,235.0,284.5,288.9,0.6667
catalog,2025-01-12T09:19:00Z,1,259.0,259.0,259.0,259.0,0.0
checkout,2025-01-12T09:19:00Z,3,127.33,139.0,191.2,195.84,0.3333
payments,2025-01-12T09:19:00Z,3,147.0,147.0,199.2,203.84,0.3333
search,2025-01-12T09:19:00Z,2,148.0,148.0,184.0,187.2,0.0
auth,2025-01-12T09:20:00Z,1,147.0,147.0,147.0,147.0,0.0
checkout,2025-01-12T09:20:00Z,3,224.33,225.0,293.4,299.48,0.6667
payments,2025-01-12T09:20:00Z,4,181.0,179.0,267.4,275.08,0.5
search,2025-01-12T09:20:00Z,3,197.33,195.0,296.7,305.74,0.3333
auth,2025-01-12T09:21:00Z,5,98.0,104.0,167.4,167.88,0.4
catalog,2025-01-12T09:21:00Z,1,208.0,208.0,208.0,208.0,0.0
payments,2025-01-12T09:21:00Z,5,305.2,303.0,391.0,391.8,0.2
search,2025-01-12T09:21:00Z,1,161.0,161.0,161.0,161.0,1.0
auth,2025-01-12T09:22:00Z,2,75.0,75.0,141.6,147.52,0.5
catalog,2025-01-12T09:22:00Z,3,145.0,165.0,169.5,169.9,0.6667
checkout,2025-01-12T09:22:00Z,2,181.5,181.5,280.95,289.79,0.0
payments,2025-01-12T09:22:00Z,1,261.0,261.0,261.0,261.0,1.0
auth,2025-01-12T09:23:00Z,1,147.0,147.0,147.0,147.0,0.0
catalog,2025-01-12T09:23:00Z,4,125.25,116.0,202.65,208.53,0.25
checkout,2025-01-12T09:23:00Z,2,252.0,252.0,282.6,285.32,0.5
payments,2025-01-12T09:23:00Z,3,167.0,155.0,323.3,338.26,0.3333
search,2025-01-12T09:23:00Z,4,150.0,149.0,230.35,241.27,0.0
auth,2025-01-12T09:24:00Z,4,93.75,67.0,209.95,227.59,0.25
catalog,2025-01-12T09:24:00Z,4,181.5,198.0,226.5,227.7,0.25
checkout,2025-01-12T09:24:00Z,2,147.0,147.0,187.5,191.1,0.5
payments,2025-01-12T09:24:00Z,1,189.0,189.0,189.0,189.0,0.0
search,2025-01-12T09:24:00Z,3,217.67,232.0,299.5,305.5,0.3333
auth,2025-01-12T09:25:00Z,4,179.5,198.0,263.9,270.38,0.5
catalog,2025-01-12T09:25:00Z,3,127.0,124.0,242.8,253.36,0.6667
checkout,2025-01-12T09:25:00Z,3,205.33,252.0,325.8,332.36,0.6667
payments,2025-01-12T09:25:00Z,3,245.0,292.0,296.5,296.9,0.3333
search,2025-01-12T09:25:00Z,3,254.33,232.0,292.3,297.66,0.6667
auth,2025-01-12T09:26:00Z,2,84.5,84.5,99.35,100.67,0.5
payments,2025-01-12T09:26:00Z,3,115.33,97.0,184.3,192.06,0.3333
search,2025-01-12T09:26:00Z,2,185.0,185.0,252.5,258.5,1.0
auth,2025-01-12T09:27:00Z,2,188.5,188.5,241.15,245.83,0.0
catalog,2025-01-12T09:27:00Z,3,216.0,187.0,277.0,285.0,0.6667
checkout,2025-01-12T09:27:00Z,1,285.0,285.0,285.0,285.0,0.0
payments,2025-01-12T09:27:00Z,2,68.5,68.5,80.65,81.73,0.5
search,2025-01-12T09:27:00Z,2,183.0,183.0,192.0,192.8,0.5
checkout,2025-01-12T09:28:00Z,5,187.6,185.0,351.2,379.84,0.4
payments,2025-01-12T09:28:00Z,1,206.0,206.0,206.0,206.0,1.0
search,2025-01-12T09:28:00Z,2,178.5,178.5,221.25,225.05,0.0
auth,2025-01-12T09:29:00Z,1,243.0,243.0,243.0,243.0,0.0
catalog,2025-01-12T09:29:00Z,1,1.0,1.0,1.0,1.0,0.0
checkout,2025-01-12T09:29:00Z,1,71.0,71.0,71.0,71.0,0.0
payments,2025-01-12T09:29:00Z,1,67.0,67.0,67.0,67.0,1.0
search,2025-01-12T09:29:00Z,2,103.0,103.0,169.6,175.52,0.0
auth,2025-01-12T09:30:00Z,2,270.5,270.5,282.65,283.73,0.0
catalog,2025-01-12T09:30:00Z,4,156.75,146.5,260.2,273.64,0.25
checkout,2025-01-12T09:30:00Z,5,262.0,247.0,337.4,346.68,0.4
payments,2025-01-12T09:30:00Z,2,134.5,134.5,192.55,197.71,0.0
search,2025-01-12T09:30:00Z,3,222.67,287.0,292.4,292.88,0.3333
auth,2025-01-12T09:31:00Z,1,249.0,249.0,249.0,249.0,0.0
catalog,2025-01-12T09:31:00Z,3,221.0,195.0,273.3,280.26,0.6667
checkout,2025-01-12T09:31:00Z,2,174.0,174.0,249.6,256.32,0.5
payments,2025-01-12T09:31:00Z,2,100.0,100.0,169.3,175.46,1.0
search,2025-01-12T09:31:00Z,1,149.0,149.0,149.0,149.0,1.0
catalog,2025-01-12T09:32:00Z,2,347.0,347.0,407.3,412.66,0.0
checkout,2025-01-12T09:32:00Z,3,175.67,121.0,276.7,290.54,0.3333
payments,2025-01-12T09:32:00Z,4,162.75,163.0,194.5,195.7,0.0
search,2025-01-12T09:32:00Z,1,146.0,146.0,146.0,146.0,0.0
auth,2025-01-12T09:33:00Z,2,132.5,132.5,191.45,196.69,0.0
catalog,2025-01-12T09:33:00Z,2,155.5,155.5,160.45,160.89,0.0
checkout,2025-01-12T09:33:00Z,4,181.5,145.5,336.85,358.57,0.25
payments,2025-01-12T09:33:00Z,4,150.25,176.0,218.95,219.79,0.75
search,2025-01-12T09:33:00Z,1,224.0,224.0,224.0,224.0,1.0
auth,2025-01-12T09:34:00Z,2,190.0,190.0,198.1,198.82,0.0
catalog,2025-01-12T09:34:00Z,4,155.5,147.5,244.3,248.86,0.25
checkout,2025-01-12T09:34:00Z,1,84.0,84.0,84.0,84.0,0.0
payments,2025-01-12T09:34:00Z,6,214.33,244.5,315.5,320.7,0.5
search,2025-01-12T09:34:00Z,3,192.33,162.0,254.7,262.94,0.6667
auth,2025-01-12T09:35:00Z,2,187.0,187.0,230.2,234.04,0.5
catalog,2025-01-12T09:35:00Z,2,181.0,181.0,187.3,187.86,0.5
checkout,2025-01-12T09:35:00Z,4,141.75,133.0,282.6,296.52,1.0
payments,2025-01-12T09:35:00Z,3,237.67,270.0,281.7,282.74,0.6667
auth,2025-01-12T09:36:00Z,3,203.67,202.0,238.9,242.18,0.0
catalog,2025-01-12T09:36:00Z,3,243.33,281.0,301.7,303.54,0.0
checkout,2025-01-12T09:36:00Z,1,219.0,219.0,219.0,219.0,0.0
payments,2025-01-12T09:36:00Z,1,155.0,155.0,155.0,155.0,0.0
search,2025-01-12T09:36:00Z,2,271.0,271.0,272.8,272.96,0.5
auth,2025-01-12T09:37:00Z,4,262.75,273.0,350.2,356.44,0.5
catalog,2025-01-12T09:37:00Z,4,147.75,138.5,222.55,230.11,0.5
checkout,2025-01-12T09:37:00Z,2,46.5,46.5,87.45,91.09,0.5
payments,2025-01-12T09:37:00Z,3,251.67,239.0,302.9,308.58,0.0
search,2025-01-12T09:37:00Z,2,162.5,162.5,223.25,228.65,1.0
auth,2025-01-12T09:38:00Z,2,226.0,226.0,300.7,307.34,0.0
catalog,2025-01-12T09:38:00Z,3,158.67,180.0,187.2,187.84,0.3333
checkout,2025-01-12T09:38:00Z,2,86.0,86.0,126.5,130.1,0.5
payments,2025-01-12T09:38:00Z,2,106.5,106.5,109.65,109.93,0.5
search,2025-01-12T09:38:00Z,2,265.0,265.0,299.2,302.24,0.5
auth,2025-01-12T09:39:00Z,2,249.5,249.5,286.85,290.17,0.0
catalog,2025-01-12T09:39:00Z,4,176.0,197.5,289.2,293.04,0.0
checkout,2025-01-12T09:39:00Z,3,135.67,125.0,174.5,178.9,0.3333
payments,2025-01-12T09:39:00Z,1,1.0,1.0,1.0,1.0,0.0
search,2025-01-12T09:39:00Z,1,204.0,204.0,204.0,204.0,0.0
auth,2025-01-12T09:40:00Z,3,198.67,206.0,329.3,340.26,0.3333
catalog,2025-01-12T09:40:00Z,2,74.5,74.5,115.45,119.09,0.5
checkout,2025-01-12T09:40:00Z,1,57.0,57.0,57.0,57.0,1.0
payments,2025-01-12T09:40:00Z,2,173.5,173.5,189.25,190.65,0.5
search,2025-01-12T09:40:00Z,3,145.0,157.0,218.2,223.64,0.0
auth,2025-01-12T09:41:00Z,4,254.25,255.5,282.65,286.13,0.0
catalog,2025-01-12T09:41:00Z,2,240.0,240.0,240.0,240.0,0.5
checkout,2025-01-12T09:41:00Z,1,77.0,77.0,77.0,77.0,0.0
payments,2025-01-12T09:41:00Z,2,228.5,228.5,231.65,231.93,0.5
search,2025-01-12T09:41:00Z,7,170.43,167.0,205.1,205.82,0.4286
auth,2025-01-12T09:42:00Z,2,195.5,195.5,232.85,236.17,0.0
catalog,2025-01-12T09:42:00Z,3,114.33,90.0,156.6,162.52,0.6667
checkout,2025-01-12T09:42:00Z,3,151.33,145.0,172.9,175.38,0.0
payments,2025-01-12T09:42:00Z,3,125.67,150.0,204.0,208.8,0.3333
search,2025-01-12T09:42:00Z,2,239.0,239.0,320.9,328.18,0.5
auth,2025-01-12T09:43:00Z,6,146.83,169.5,254.0,261.2,0.6667
catalog,2025-01-12T09:43:00Z,6,238.5,278.0,304.0,308.8,0.0
checkout,2025-01-12T09:43:00Z,3,247.33,211.0,367.6,381.52,0.6667
search,2025-01-12T09:43:00Z,1,211.0,211.0,211.0,211.0,1.0
auth,2025-01-12T09:44:00Z,5,113.5,111.0,196.25,201.65,0.6
catalog,2025-01-12T09:44:00Z,3,218.67,215.0,299.6,307.12,0.0
checkout,2025-01-12T09:44:00Z,3,209.0,206.0,218.6,219.72,0.0
payments,2025-01-12T09:44:00Z,1,286.0,286.0,286.0,286.0,1.0
search,2025-01-12T09:44:00Z,2,70.0,70.0,106.0,109.2,0.0
catalog,2025-01-12T09:45:00Z,4,275.75,266.0,357.85,367.57,0.25
checkout,2025-01-12T09:45:00Z,1,287.0,287.0,287.0,287.0,1.0
payments,2025-01-12T09:45:00Z,3,196.33,107.0,378.8,402.96,0.3333
catalog,2025-01-12T09:46:00Z,2,213.5,213.5,262.55,266.91,0.0
checkout,2025-01-12T09:46:00Z,2,249.0,249.0,252.6,252.92,0.0
payments,2025-01-12T09:46:00Z,2,144.5,144.5,179.15,182.23,0.0
search,2025-01-12T09:46:00Z,2,278.5,278.5,312.25,315.25,0.0
auth,2025-01-12T09:47:00Z,5,158.6,145.0,239.4,244.68,0.2
catalog,2025-01-12T09:47:00Z,5,171.0,182.0,276.4,279.28,0.4
checkout,2025-01-12T09:47:00Z,1,137.0,137.0,137.0,137.0,0.0
payments,2025-01-12T09:47:00Z,2,203.5,203.5,239.05,242.21,0.0
search,2025-01-12T09:47:00Z,1,249.0,249.0,249.0,249.0,0.0
auth,2025-01-12T09:48:00Z,4,151.5,152.5,236.2,240.04,0.0
catalog,2025-01-12T09:48:00Z,1,78.0,78.0,78.0,78.0,0.0
checkout,2025-01-12T09:48:00Z,3,134.0,92.0,211.7,222.34,0.3333
payments,2025-01-12T09:48:00Z,3,184.67,219.0,308.1,316.02,0.3333
search,2025-01-12T09:48:00Z,2,148.0,148.0,204.7,209.74,1.0
auth,2025-01-12T09:49:00Z,1,197.0,197.0,197.0,197.0,1.0
catalog,2025-01-12T09:49:00Z,2,165.5,165.5,260.45,268.89,0.5
checkout,2025-01-12T09:49:00Z,1,232.0,232.0,232.0,232.0,1.0
auth,2025-01-12T09:50:00Z,2,253.5,253.5,289.95,293.19,0.5
catalog,2025-01-12T09:50:00Z,2,247.5,247.5,300.15,304.83,0.5
checkout,2025-01-12T09:50:00Z,1,69.0,69.0,69.0,69.0,0.0
search,2025-01-12T09:50:00Z,2,218.0,218.0,236.9,238.58,0.0
auth,2025-01-12T09:51:00Z,1,136.0,136.0,136.0,136.0,0.0
catalog,2025-01-12T09:51:00Z,3,159.33,214.0,258.1,262.02,0.0
checkout,2025-01-12T09:51:00Z,4,136.5,148.5,234.8,245.36,0.25
payments,2025-01-12T09:51:00Z,3,150.0,154.0,179.2,181.44,0.3333
search,2025-01-12T09:51:00Z,1,126.0,126.0,126.0,126.0,0.0
auth,2025-01-12T09:52:00Z,2,304.5,304.5,313.95,314.79,0.5
catalog,2025-01-12T09:52:00Z,5,159.0,184.0,231.0,234.2,0.4
checkout,2025-01-12T09:52:00Z,3,233.67,229.0,293.8,299.56,0.6667
payments,2025-01-12T09:52:00Z,1,234.0,234.0,234.0,234.0,0.0
search,2025-01-12T09:52:00Z,3,218.33,220.0,246.1,248.42,0.3333
auth,2025-01-12T09:53:00Z,3,208.67,216.0,254.7,258.14,0.0
auth,2025-01-12T09:54:00Z,2,237.5,237.5,254.15,255.63,0.5
catalog,2025-01-12T09:54:00Z,3,156.0,145.0,265.6,276.32,0.3333
checkout,2025-01-12T09:54:00Z,1,259.0,259.0,259.0,259.0,0.0
payments,2025-01-12T09:54:00Z,1,154.0,154.0,154.0,154.0,1.0
auth,2025-01-12T09:55:00Z,2,213.0,213.0,230.1,231.62,0.0
catalog,2025-01-12T09:55:00Z,1,167.0,167.0,167.0,167.0,0.0
payments,2025-01-12T09:55:00Z,3,105.33,92.0,179.3,187.06,0.0
search,2025-01-12T09:55:00Z,2,109.0,109.0,181.0,187.4,0.0
auth,2025-01-12T09:56:00Z,3,149.67,133.0,189.7,194.74,0.3333
catalog,2025-01-12T09:56:00Z,3,83.5,83.5,89.35,89.87,0.6667
checkout,2025-01-12T09:56:00Z,2,146.5,146.5,219.85,226.37,0.0
payments,2025-01-12T09:56:00Z,3,183.33,184.0,238.0,242.8,0.3333
auth,2025-01-12T09:57:00Z,3,158.67,149.0,222.8,229.36,0.0
catalog,2025-01-12T09:57:00Z,1,165.0,165.0,165.0,165.0,0.0
payments,2025-01-12T09:57:00Z,6,189.83,213.0,285.0,288.2,0.3333
search,2025-01-12T09:57:00Z,2,298.0,298.0,314.2,315.64,0.0
auth,2025-01-12T09:58:00Z,2,90.0,90.0,129.6,133.12,1.0
catalog,2025-01-12T09:58:00Z,3,234.67,222.0,290.4,296.48,0.3333
checkout,2025-01-12T09:58:00Z,2,91.0,91.0,142.3,146.86,0.0
payments,2025-01-12T09:58:00Z,2,157.0,157.0,160.6,160.92,0.5
auth,2025-01-12T09:59:00Z,2,207.0,207.0,238.5,241.3,1.0
catalog,2025-01-12T09:59:00Z,1,182.0,182.0,182.0,182.0,0.0
checkout,2025-01-12T09:59:00Z,1,228.0,228.0,228.0,228.0,0.0
payments,2025-01-12T09:59:00Z,1,74.0,74.0,74.0,74.0,1.0
search,2025-01-12T09:59:00Z,2,183.5,183.5,202.85,204.57,0.0
auth,2025-01-12T10:00:00Z,5,152.2,168.0,206.6,211.72,0.4
catalog,2025-01-12T10:00:00Z,2,3525.5,3525.5,6621.95,6897.19,0.0
checkout,2025-01-12T10:00:00Z,3,239.33,313.0,365.2,369.84,0.6667
payments,2025-01-12T10:00:00Z,8,242.88,252.5,287.85,290.37,0.375
search,2025-01-12T10:00:00Z,3,115.33,57.0,228.9,244.18,0.0
auth,2025-01-12T10:01:00Z,4,180.75,218.5,244.6,246.52,0.75
catalog,2025-01-12T10:01:00Z,1,149.0,149.0,149.0,149.0,0.0
checkout,2025-01-12T10:01:00Z,3,274.33,274.0,348.7,355.34,0.6667
search,2025-01-12T10:01:00Z,5,134.4,210.0,241.4,247.48,0.6
auth,2025-01-12T10:02:00Z,4,169.5,175.0,301.1,301.82,0.75
catalog,2025-01-12T10:02:00Z,1,288.0,288.0,288.0,288.0,1.0
checkout,2025-01-12T10:02:00Z,2,191.0,191.0,191.0,191.0,0.5
payments,2025-01-12T10:02:00Z,1,186.0,186.0,186.0,186.0,1.0
search,2025-01-12T10:02:00Z,4,125.5,125.5,218.15,225.23,0.5
auth,2025-01-12T10:03:00Z,3,101.0,95.0,161.6,167.52,0.3333
catalog,2025-01-12T10:03:00Z,1,48.0,48.0,48.0,48.0,1.0
checkout,2025-01-12T10:03:00Z,3,154.0,149.0,196.7,200.94,0.3333
payments,2025-01-12T10:03:00Z,1,193.0,193.0,193.0,193.0,1.0
auth,2025-01-12T10:04:00Z,2,140.0,140.0,164.3,166.46,0.0
payments,2025-01-12T10:04:00Z,1,162.0,162.0,162.0,162.0,0.0
search,2025-01-12T10:04:00Z,3,273.33,308.0,353.0,357.0,0.3333
auth,2025-01-12T10:05:00Z,2,290.0,290.0,333.2,337.04,0.5
catalog,2025-01-12T10:05:00Z,2,144.0,144.0,230.4,238.08,1.0
checkout,2025-01-12T10:05:00Z,2,215.5,215.5,229.45,230.69,0.0
payments,2025-01-12T10:05:00Z,2,84.5,84.5,126.35,130.07,0.5
search,2025-01-12T10:05:00Z,2,88.5,88.5,143.85,148.77,0.0
auth,2025-01-12T10:06:00Z,2,140.5,140.5,146.35,146.87,1.0
catalog,2025-01-12T10:06:00Z,2,150.5,150.5,167.15,168.63,1.0
checkout,2025-01-12T10:06:00Z,2,159.0,159.0,185.1,187.42,0.0
payments,2025-01-12T10:06:00Z,3,156.33,166.0,176.8,177.76,0.3333
auth,2025-01-12T10:07:00Z,3,205.33,185.0,254.3,260.46,0.3333
catalog,2025-01-12T10:07:00Z,5,136.4,111.0,214.6,224.52,0.6
checkout,2025-01-12T10:07:00Z,3,1304.0,218.0,3171.8,3434.36,0.6667
payments,2025-01-12T10:07:00Z,1,303.0,303.0,303.0,303.0,1.0
search,2025-01-12T10:07:00Z,5,214.4,226.0,329.8,341.16,0.6
auth,2025-01-12T10:08:00Z,1,109.0,109.0,109.0,109.0,0.0
catalog,2025-01-12T10:08:00Z,2,200.0,200.0,231.5,234.3,1.0
checkout,2025-01-12T10:08:00Z,2,195.5,195.5,338.15,350.83,0.0
payments,2025-01-12T10:08:00Z,2,179.5,179.5,250.15,256.43,0.5
search,2025-01-12T10:08:00Z,3,149.33,163.0,167.5,167.9,0.3333
catalog,2025-01-12T10:09:00Z,2,243.0,243.0,301.5,306.7,0.5
checkout,2025-01-12T10:09:00Z,4,5453.25,158.5,18266.5,20821.3,0.5
search,2025-01-12T10:09:00Z,1,97.0,97.0,97.0,97.0,0.0
search,2025-01-12T10:10:00Z,1,117.0,117.0,117.0,117.0,1.0
auth,2025-01-12T10:11:00Z,3,166.67,128.0,303.5,319.1,0.6667
catalog,2025-01-12T10:11:00Z,3,178.0,217.0,252.1,255.22,0.0
payments,2025-01-12T10:11:00Z,3,101.0,135.0,163.8,166.36,0.3333
search,2025-01-12T10:11:00Z,3,283.67,268.0,373.3,382.66,0.0
auth,2025-01-12T10:12:00Z,4,209.75,235.5,328.75,332.95,0.75
checkout,2025-01-12T10:12:00Z,4,216.75,217.5,289.35,293.07,0.75
payments,2025-01-12T10:12:00Z,2,236.5,236.5,361.15,372.23,0.0
search,2025-01-12T10:12:00Z,1,261.0,261.0,261.0,261.0,0.0
auth,2025-01-12T10:13:00Z,3,134.67,197.0,205.1,205.82,0.3333
catalog,2025-01-12T10:13:00Z,1,77.0,77.0,77.0,77.0,0.0
checkout,2025-01-12T10:13:00Z,1,193.0,193.0,193.0,193.0,0.0
payments,2025-01-12T10:13:00Z,3,84.5,84.5,150.65,156.53,0.6667
search,2025-01-12T10:13:00Z,1,185.0,185.0,185.0,185.0,1.0
auth,2025-01-12T10:14:00Z,3,140.67,142.0,151.0,151.8,0.6667
catalog,2025-01-12T10:14:00Z,2,166.5,166.5,315.45,328.69,0.5
checkout,2025-01-12T10:14:00Z,5,156.6,158.0,242.2,254.84,0.4
payments,2025-01-12T10:14:00Z,3,128.33,130.0,157.9,160.38,0.6667
search,2025-01-12T10:14:00Z,2,281.5,281.5,294.55,295.71,0.5
auth,2025-01-12T10:15:00Z,3,144.33,188.0,212.3,214.46,0.6667
catalog,2025-01-12T10:15:00Z,1,145.0,145.0,145.0,145.0,0.0
payments,2025-01-12T10:15:00Z,3,217.67,232.0,253.6,255.52,0.0
search,2025-01-12T10:15:00Z,2,248.0,248.0,275.9,278.38,0.0
auth,2025-01-12T10:16:00Z,1,100.0,100.0,100.0,100.0,0.0
catalog,2025-01-12T10:16:00Z,4,214.5,200.0,278.85,286.17,0.0
checkout,2025-01-12T10:16:00Z,1,105.0,105.0,105.0,105.0,0.0
payments,2025-01-12T10:16:00Z,2,216.5,216.5,236.75,238.55,0.0
search,2025-01-12T10:16:00Z,4,172.25,175.5,182.4,182.88,0.25
auth,2025-01-12T10:17:00Z,4,192.25,185.5,269.75,281.15,0.25
catalog,2025-01-12T10:17:00Z,2,159.5,159.5,221.15,226.63,0.0
checkout,2025-01-12T10:17:00Z,3,120.33,135.0,216.0,223.2,0.6667
payments,2025-01-12T10:17:00Z,3,103.0,113.0,186.8,193.36,0.6667
search,2025-01-12T10:17:00Z,2,6806.5,6806.5,12719.05,13244.61,0.5
catalog,2025-01-12T10:18:00Z,1,145.0,145.0,145.0,145.0,1.0
payments,2025-01-12T10:18:00Z,2,233.5,233.5,239.35,239.87,0.0
search,2025-01-12T10:18:00Z,1,294.0,294.0,294.0,294.0,0.0
auth,2025-01-12T10:19:00Z,2,124.0,124.0,193.3,199.46,0.0
catalog,2025-01-12T10:19:00Z,1,168.0,168.0,168.0,168.0,1.0
checkout,2025-01-12T10:19:00Z,1,267.0,267.0,267.0,267.0,1.0
payments,2025-01-12T10:19:00Z,3,288.67,278.0,424.7,437.74,0.0
search,2025-01-12T10:19:00Z,1,75.0,75.0,75.0,75.0,0.0
auth,2025-01-12T10:20:00Z,2,132.5,132.5,155.45,157.49,0.5
catalog,2025-01-12T10:20:00Z,1,314.0,314.0,314.0,314.0,0.0
checkout,2025-01-12T10:20:00Z,4,179.25,151.0,289.95,307.59,0.5
payments,2025-01-12T10:20:00Z,1,277.0,277.0,277.0,277.0,0.0
auth,2025-01-12T10:21:00Z,4,217.25,265.0,313.1,318.62,0.5
catalog,2025-01-12T10:21:00Z,4,229.67,281.0,288.2,288.84,0.0
checkout,2025-01-12T10:21:00Z,1,149.0,149.0,149.0,149.0,1.0
payments,2025-01-12T10:21:00Z,1,286.0,286.0,286.0,286.0,1.0
search,2025-01-12T10:21:00Z,4,146.75,124.0,250.35,266.07,0.5
auth,2025-01-12T10:22:00Z,2,203.0,203.0,295.7,303.94,0.5
catalog,2025-01-12T10:22:00Z,2,66.5,66.5,118.25,122.85,1.0
checkout,2025-01-12T10:22:00Z,2,173.5,173.5,189.25,190.65,0.0
payments,2025-01-12T10:22:00Z,3,239.0,256.0,330.7,337.34,0.6667
search,2025-01-12T10:22:00Z,2,103.5,103.5,122.85,124.57,0.0
catalog,2025-01-12T10:23:00Z,2,165.5,165.5,227.15,232.63,0.0
checkout,2025-01-12T10:23:00Z,1,275.0,275.0,275.0,275.0,0.0
payments,2025-01-12T10:23:00Z,2,150.0,150.0,195.0,199.0,0.5
search,2025-01-12T10:23:00Z,2,226.5,226.5,271.95,275.99,1.0
auth,2025-01-12T10:24:00Z,3,156.33,201.0,237.0,240.2,0.3333
checkout,2025-01-12T10:24:00Z,2,71.0,71.0,130.4,135.68,1.0
payments,2025-01-12T10:24:00Z,2,246.5,246.5,359.45,369.49,1.0
search,2025-01-12T10:24:00Z,3,214.33,152.0,399.5,421.5,0.0
auth,2025-01-12T10:25:00Z,5,216.8,231.0,264.8,270.56,0.4
catalog,2025-01-12T10:25:00Z,3,167.33,146.0,214.4,220.48,0.6667
checkout,2025-01-12T10:25:00Z,5,180.4,153.0,282.4,288.48,0.0
search,2025-01-12T10:25:00Z,2,134.5,134.5,179.95,183.99,0.0
auth,2025-01-12T10:26:00Z,4,282.0,306.0,326.35,327.67,0.25
catalog,2025-01-12T10:26:00Z,2,159.0,159.0,183.3,185.46,0.5
checkout,2025-01-12T10:26:00Z,5,1876.8,161.0,6970.8,8310.96,0.4
payments,2025-01-12T10:26:00Z,1,291.0,291.0,291.0,291.0,0.0
search,2025-01-12T10:26:00Z,2,230.5,230.5,275.95,279.99,0.5
auth,2025-01-12T10:27:00Z,5,198.4,238.0,339.8,354.36,0.4
catalog,2025-01-12T10:27:00Z,3,1453.0,222.0,3665.4,3971.48,0.6667
checkout,2025-01-12T10:27:00Z,2,281.5,281.5,348.55,354.51,0.5
payments,2025-01-12T10:27:00Z,1,124.0,124.0,124.0,124.0,0.0
search,2025-01-12T10:27:00Z,2,185.0,185.0,242.6,247.72,0.5
auth,2025-01-12T10:28:00Z,4,154.75,145.5,227.85,237.57,0.5
catalog,2025-01-12T10:28:00Z,3,177.0,179.0,230.3,234.86,0.6667
checkout,2025-01-12T10:28:00Z,1,168.0,168.0,168.0,168.0,0.0
payments,2025-01-12T10:28:00Z,1,264.0,264.0,264.0,264.0,1.0
search,2025-01-12T10:28:00Z,4,183.0,228.0,271.1,274.22,0.0
auth,2025-01-12T10:29:00Z,4,214.5,211.0,250.9,252.58,0.25
catalog,2025-01-12T10:29:00Z,2,105.0,105.0,110.4,110.88,0.5
checkout,2025-01-12T10:29:00Z,1,236.0,236.0,236.0,236.0,1.0
payments,2025-01-12T10:29:00Z,3,84.0,82.0,128.8,132.96,0.0
search,2025-01-12T10:29:00Z,4,159.0,128.5,264.05,282.41,0.5
auth,2025-01-12T10:30:00Z,3,213.0,233.0,252.8,254.56,0.6667
catalog,2025-01-12T10:30:00Z,2,115.0,115.0,167.2,171.84,0.0
checkout,2025-01-12T10:30:00Z,4,265.25,274.5,393.15,405.03,0.5
search,2025-01-12T10:30:00Z,4,170.75,151.0,296.15,315.23,0.75
auth,2025-01-12T10:31:00Z,2,201.0,201.0,268.5,274.5,1.0
catalog,2025-01-12T10:31:00Z,1,97.0,97.0,97.0,97.0,1.0
checkout,2025-01-12T10:31:00Z,1,127.0,127.0,127.0,127.0,0.0
search,2025-01-12T10:31:00Z,1,257.0,257.0,257.0,257.0,0.0
auth,2025-01-12T10:32:00Z,1,152.0,152.0,152.0,152.0,1.0
checkout,2025-01-12T10:32:00Z,4,216.0,238.5,298.45,300.49,0.25
payments,2025-01-12T10:32:00Z,3,186.67,182.0,255.8,262.36,1.0
search,2025-01-12T10:32:00Z,3,73.67,5.0,194.0,210.8,0.0
auth,2025-01-12T10:33:00Z,1,166.0,166.0,166.0,166.0,0.0
catalog,2025-01-12T10:33:00Z,5,117.8,135.0,205.0,218.6,0.6
checkout,2025-01-12T10:33:00Z,1,181.0,181.0,181.0,181.0,0.0
payments,2025-01-12T10:33:00Z,3,185.67,236.0,309.8,316.36,0.3333
search,2025-01-12T10:33:00Z,5,224.6,208.0,301.6,313.92,0.6
auth,2025-01-12T10:34:00Z,1,88.0,88.0,88.0,88.0,1.0
catalog,2025-01-12T10:34:00Z,2,192.0,192.0,206.4,207.68,0.5
checkout,2025-01-12T10:34:00Z,3,172.0,227.0,281.9,286.78,0.6667
payments,2025-01-12T10:34:00Z,1,143.0,143.0,143.0,143.0,1.0
catalog,2025-01-12T10:35:00Z,2,116.0,116.0,143.9,146.38,0.5
payments,2025-01-12T10:35:00Z,2,103.5,103.5,141.75,145.15,0.0
auth,2025-01-12T10:36:00Z,2,144.0,144.0,161.1,162.62,0.0
catalog,2025-01-12T10:36:00Z,3,212.0,218.0,302.6,310.12,0.3333
checkout,2025-01-12T10:36:00Z,1,294.0,294.0,294.0,294.0,0.0
payments,2025-01-12T10:36:00Z,4,212.5,199.5,269.9,278.78,0.25
search,2025-01-12T10:36:00Z,3,136.33,126.0,162.0,165.2,0.3333
auth,2025-01-12T10:37:00Z,2,143.5,143.5,148.45,148.89,0.0
catalog,2025-01-12T10:37:00Z,1,313.0,313.0,313.0,313.0,1.0
checkout,2025-01-12T10:37:00Z,2,247.0,247.0,337.0,345.0,0.0
payments,2025-01-12T10:37:00Z,1,192.0,192.0,192.0,192.0,1.0
search,2025-01-12T10:37:00Z,3,166.67,150.0,195.9,199.98,0.3333
auth,2025-01-12T10:38:00Z,5,90.5,81.0,182.95,195.79,0.4
catalog,2025-01-12T10:38:00Z,2,164.5,164.5,258.55,266.91,0.0
checkout,2025-01-12T10:38:00Z,6,129.17,127.0,235.5,239.1,0.3333
payments,2025-01-12T10:38:00Z,3,171.67,173.0,194.6,196.52,0.6667
search,2025-01-12T10:38:00Z,1,199.0,199.0,199.0,199.0,1.0
auth,2025-01-12T10:39:00Z,1,93.0,93.0,93.0,93.0,1.0
catalog,2025-01-12T10:39:00Z,3,160.0,120.0,237.0,247.4,0.3333
checkout,2025-01-12T10:39:00Z,3,144.33,147.0,174.0,176.4,0.6667
payments,2025-01-12T10:39:00Z,1,10.0,10.0,10.0,10.0,0.0
search,2025-01-12T10:39:00Z,3,124.0,160.0,205.9,209.98,0.3333
catalog,2025-01-12T10:40:00Z,3,186.67,191.0,206.3,207.66,0.6667
checkout,2025-01-12T10:40:00Z,3,200.33,210.0,212.7,212.94,0.6667
payments,2025-01-12T10:40:00Z,5,138.4,133.0,204.6,204.92,0.6
search,2025-01-12T10:40:00Z,2,118.5,118.5,132.45,133.69,1.0
auth,2025-01-12T10:41:00Z,2,231.5,231.5,282.35,286.87,0.0
catalog,2025-01-12T10:41:00Z,2,199.0,199.0,235.9,239.18,0.0
checkout,2025-01-12T10:41:00Z,7,2308.14,296.0,8802.6,10366.92,0.8571
payments,2025-01-12T10:41:00Z,3,134.33,162.0,232.2,238.44,0.3333
search,2025-01-12T10:41:00Z,3,185.0,205.0,229.3,231.46,0.6667
auth,2025-01-12T10:42:00Z,3,166.67,169.0,206.8,210.16,0.6667
catalog,2025-01-12T10:42:00Z,2,259.5,259.5,263.55,263.91,0.5
checkout,2025-01-12T10:42:00Z,3,246.0,259.0,333.7,340.34,0.3333
payments,2025-01-12T10:42:00Z,1,205.0,205.0,205.0,205.0,0.0
search,2025-01-12T10:42:00Z,3,202.67,192.0,220.8,223.36,0.3333
auth,2025-01-12T10:43:00Z,1,231.0,231.0,231.0,231.0,0.0
catalog,2025-01-12T10:43:00Z,1,142.0,142.0,142.0,142.0,0.0
checkout,2025-01-12T10:43:00Z,1,80.0,80.0,80.0,80.0,1.0
payments,2025-01-12T10:43:00Z,3,107.33,135.0,180.9,184.98,0.0
search,2025-01-12T10:43:00Z,3,115.0,147.0,185.7,189.14,0.0
auth,2025-01-12T10:44:00Z,4,161.25,179.0,242.2,243.64,0.25
catalog,2025-01-12T10:44:00Z,4,218.75,239.5,390.8,394.16,0.5
checkout,2025-01-12T10:44:00Z,1,164.0,164.0,164.0,164.0,1.0
payments,2025-01-12T10:44:00Z,3,155.33,123.0,233.7,243.54,0.3333
search,2025-01-12T10:44:00Z,5,163.6,181.0,230.8,236.56,0.4
auth,2025-01-12T10:45:00Z,2,184.5,184.5,251.55,257.51,0.5
catalog,2025-01-12T10:45:00Z,4,122.75,126.0,237.85,237.97,0.25
payments,2025-01-12T10:45:00Z,2,242.5,242.5,247.45,247.89,0.0
search,2025-01-12T10:45:00Z,1,226.0,226.0,226.0,226.0,1.0
auth,2025-01-12T10:46:00Z,4,138.25,155.0,230.9,239.78,1.0
catalog,2025-01-12T10:46:00Z,3,201.0,215.0,265.4,269.88,0.6667
checkout,2025-01-12T10:46:00Z,2,194.5,194.5,262.45,268.49,0.0
payments,2025-01-12T10:46:00Z,2,151.0,151.0,176.2,178.44,1.0
search,2025-01-12T10:46:00Z,6,203.17,206.0,342.25,370.05,0.5
auth,2025-01-12T10:47:00Z,2,122.5,122.5,231.85,241.57,0.5
catalog,2025-01-12T10:47:00Z,3,163.67,166.0,232.6,238.52,0.3333
payments,2025-01-12T10:47:00Z,4,145.25,144.0,231.45,243.09,0.0
search,2025-01-12T10:47:00Z,2,161.0,161.0,229.4,235.48,1.0
catalog,2025-01-12T10:48:00Z,1,216.0,216.0,216.0,216.0,0.0
checkout,2025-01-12T10:48:00Z,4,59.0,51.0,125.35,131.47,0.25
payments,2025-01-12T10:48:00Z,3,206.67,248.0,293.9,297.98,0.3333
search,2025-01-12T10:48:00Z,4,110.75,88.5,182.35,193.27,0.75
auth,2025-01-12T10:49:00Z,2,226.0,226.0,226.0,226.0,0.0
catalog,2025-01-12T10:49:00Z,5,219.4,200.0,302.8,312.56,0.2
checkout,2025-01-12T10:49:00Z,3,177.0,191.0,200.0,200.8,0.6667
payments,2025-01-12T10:49:00Z,3,214.0,195.0,268.8,275.36,0.0
search,2025-01-12T10:49:00Z,1,73.0,73.0,73.0,73.0,0.0
auth,2025-01-12T10:50:00Z,1,141.0,141.0,141.0,141.0,0.0
catalog,2025-01-12T10:50:00Z,2,103.0,103.0,179.5,186.3,0.0
checkout,2025-01-12T10:50:00Z,2,211.5,211.5,215.55,215.91,0.5
payments,2025-01-12T10:50:00Z,2,190.5,190.5,256.65,262.53,1.0
search,2025-01-12T10:50:00Z,1,282.0,282.0,282.0,282.0,1.0
catalog,2025-01-12T10:51:00Z,2,218.0,218.0,235.1,236.62,0.5
checkout,2025-01-12T10:51:00Z,1,307.0,307.0,307.0,307.0,0.0
payments,2025-01-12T10:51:00Z,1,237.0,237.0,237.0,237.0,0.0
search,2025-01-12T10:51:00Z,2,306.0,306.0,366.3,371.66,0.5
auth,2025-01-12T10:52:00Z,2,104.5,104.5,107.65,107.93,0.5
catalog,2025-01-12T10:52:00Z,4,217.75,199.0,299.5,310.3,0.75
checkout,2025-01-12T10:52:00Z,2,184.5,184.5,196.65,197.73,1.0
payments,2025-01-12T10:52:00Z,2,237.5,237.5,265.85,268.37,1.0
search,2025-01-12T10:52:00Z,1,77.0,77.0,77.0,77.0,0.0
auth,2025-01-12T10:53:00Z,1,1.0,1.0,1.0,1.0,1.0
catalog,2025-01-12T10:53:00Z,3,157.0,171.0,180.9,181.78,0.0
checkout,2025-01-12T10:53:00Z,4,120.25,121.5,194.5,198.1,0.25
payments,2025-01-12T10:53:00Z,5,188.6,220.0,252.2,256.84,0.4
auth,2025-01-12T10:54:00Z,3,151.33,123.0,254.4,266.08,0.6667
catalog,2025-01-12T10:54:00Z,1,27.0,27.0,27.0,27.0,0.0
search,2025-01-12T10:54:00Z,1,6.0,6.0,6.0,6.0,0.0
auth,2025-01-12T10:55:00Z,2,196.5,196.5,268.05,274.41,0.5
catalog,2025-01-12T10:55:00Z,4,164.0,162.5,197.7,200.34,0.0
checkout,2025-01-12T10:55:00Z,5,221.4,192.0,326.2,334.04,0.6
payments,2025-01-12T10:55:00Z,4,145.0,123.5,265.85,285.17,0.25
search,2025-01-12T10:55:00Z,2,230.0,230.0,230.9,230.98,0.5
catalog,2025-01-12T10:56:00Z,1,389.0,389.0,389.0,389.0,0.0
checkout,2025-01-12T10:56:00Z,2,248.0,248.0,365.9,376.38,0.0
payments,2025-01-12T10:56:00Z,3,253.0,211.0,366.7,380.54,0.3333
search,2025-01-12T10:56:00Z,4,156.75,168.5,221.45,225.89,0.0
auth,2025-01-12T10:57:00Z,2,112.0,112.0,150.7,154.14,0.5
catalog,2025-01-12T10:57:00Z,1,120.0,120.0,120.0,120.0,0.0
checkout,2025-01-12T10:57:00Z,1,29.0,29.0,29.0,29.0,1.0
payments,2025-01-12T10:57:00Z,1,162.0,162.0,162.0,162.0,0.0
search,2025-01-12T10:57:00Z,2,223.0,223.0,295.0,301.4,0.0
auth,2025-01-12T10:58:00Z,2,210.0,210.0,219.9,220.78,0.5
catalog,2025-01-12T10:58:00Z,1,109.0,109.0,109.0,109.0,0.0
checkout,2025-01-12T10:58:00Z,1,4640.0,4640.0,4640.0,4640.0,0.0
payments,2025-01-12T10:58:00Z,1,173.0,173.0,173.0,173.0,0.0
search,2025-01-12T10:58:00Z,3,94.67,112.0,114.7,114.94,0.0
auth,2025-01-12T10:59:00Z,2,132.0,132.0,179.7,183.94,1.0
catalog,2025-01-12T10:59:00Z,1,78.0,78.0,78.0,78.0,1.0
checkout,2025-01-12T10:59:00Z,2,84.0,84.0,137.1,141.82,0.0
payments,2025-01-12T10:59:00Z,2,193.0,193.0,205.6,206.72,1.0
search,2025-01-12T10:59:00Z,3,138.0,132.0,149.1,150.62,0.3333
auth,2025-01-12T11:00:00Z,2,242.5,242.5,298.75,303.75,0.0
catalog,2025-01-12T11:00:00Z,6,160.83,176.0,251.75,265.55,0.5
checkout,2025-01-12T11:00:00Z,4,134.5,140.0,163.55,166.31,0.5
payments,2025-01-12T11:00:00Z,2,238.0,238.0,278.5,282.1,0.0
auth,2025-01-12T11:01:00Z,3,222.33,250.0,254.5,254.9,0.6667
checkout,2025-01-12T11:01:00Z,2,276.0,276.0,305.7,308.34,0.5
payments,2025-01-12T11:01:00Z,2,37.5,37.5,70.35,73.27,1.0
search,2025-01-12T11:01:00Z,1,215.0,215.0,215.0,215.0,0.0
auth,2025-01-12T11:02:00Z,2,167.5,167.5,232.75,238.55,0.5
catalog,2025-01-12T11:02:00Z,1,240.0,240.0,240.0,240.0,0.0
checkout,2025-01-12T11:02:00Z,2,121.5,121.5,216.45,224.89,0.5
search,2025-01-12T11:02:00Z,1,270.0,270.0,270.0,270.0,0.0
checkout,2025-01-12T11:03:00Z,1,264.0,264.0,264.0,264.0,1.0
payments,2025-01-12T11:03:00Z,4,150.75,183.5,212.95,213.79,0.25
search,2025-01-12T11:03:00Z,3,214.67,134.0,407.6,431.92,0.0
auth,2025-01-12T11:04:00Z,1,112.0,112.0,112.0,112.0,0.0
catalog,2025-01-12T11:04:00Z,2,118.5,118.5,193.65,200.33,1.0
checkout,2025-01-12T11:04:00Z,3,236.33,220.0,327.1,336.62,0.3333
payments,2025-01-12T11:04:00Z,5,158.6,131.0,233.4,234.68,0.4
search,2025-01-12T11:04:00Z,5,134.4,124.0,276.4,294.48,0.2
auth,2025-01-12T11:05:00Z,1,252.0,252.0,252.0,252.0,1.0
catalog,2025-01-12T11:05:00Z,4,139.5,162.5,226.75,230.95,0.0
checkout,2025-01-12T11:05:00Z,2,138.0,138.0,210.9,217.38,0.5
payments,2025-01-12T11:05:00Z,1,237.0,237.0,237.0,237.0,1.0
search,2025-01-12T11:05:00Z,3,171.67,97.0,298.6,316.52,0.0
auth,2025-01-12T11:06:00Z,3,281.67,323.0,323.0,323.0,1.0
catalog,2025-01-12T11:06:00Z,2,303.5,303.5,317.45,318.69,0.5
checkout,2025-01-12T11:06:00Z,2,172.5,172.5,231.45,236.69,1.0
payments,2025-01-12T11:06:00Z,3,7234.0,236.0,19291.7,20985.54,0.3333
search,2025-01-12T11:06:00Z,4,136.0,114.5,242.1,259.62,0.25
auth,2025-01-12T11:07:00Z,3,233.0,215.0,278.0,283.6,0.3333
catalog,2025-01-12T11:07:00Z,3,165.0,146.0,252.2,261.64,1.0
checkout,2025-01-12T11:07:00Z,2,100.5,100.5,128.85,131.37,0.0
payments,2025-01-12T11:07:00Z,3,247.67,229.0,294.7,300.54,0.3333
search,2025-01-12T11:07:00Z,3,138.0,146.0,194.6,198.92,0.6667
catalog,2025-01-12T11:08:00Z,1,51.0,51.0,51.0,51.0,0.0
checkout,2025-01-12T11:08:00Z,4,103.5,114.5,177.85,182.77,0.25
payments,2025-01-12T11:08:00Z,2,10.5,10.5,19.05,19.81,0.0
search,2025-01-12T11:08:00Z,1,82.0,82.0,82.0,82.0,1.0
auth,2025-01-12T11:09:00Z,3,116.67,94.0,166.0,172.4,0.3333
catalog,2025-01-12T11:09:00Z,4,229.5,221.0,380.6,401.72,0.5
checkout,2025-01-12T11:09:00Z,5,123.4,71.0,304.0,344.8,0.2
payments,2025-01-12T11:09:00Z,2,231.5,231.5,316.55,324.11,0.0
search,2025-01-12T11:09:00Z,6,147.17,149.0,237.25,245.85,0.1667
auth,2025-01-12T11:10:00Z,1,314.0,314.0,314.0,314.0,1.0
catalog,2025-01-12T11:10:00Z,4,239.75,238.5,309.6,318.72,0.5
checkout,2025-01-12T11:10:00Z,3,171.67,174.0,191.1,192.62,0.6667
payments,2025-01-12T11:10:00Z,2,178.0,178.0,185.2,185.84,0.5
search,2025-01-12T11:10:00Z,3,144.33,126.0,288.0,302.4,0.3333
auth,2025-01-12T11:11:00Z,1,,,,,1.0
catalog,2025-01-12T11:11:00Z,1,208.0,208.0,208.0,208.0,0.0
checkout,2025-01-12T11:11:00Z,3,185.33,232.0,236.5,236.9,0.3333
payments,2025-01-12T11:11:00Z,2,156.5,156.5,190.25,193.25,0.5
search,2025-01-12T11:11:00Z,2,192.5,192.5,247.85,252.77,0.5
auth,2025-01-12T11:12:00Z,5,180.6,168.0,318.8,325.36,0.6
catalog,2025-01-12T11:12:00Z,4,158.5,153.5,278.7,293.34,1.0
checkout,2025-01-12T11:12:00Z,5,276.6,265.0,393.6,417.92,0.2
payments,2025-01-12T11:12:00Z,2,146.0,146.0,174.8,177.36,0.0
search,2025-01-12T11:12:00Z,5,227.2,241.0,302.6,314.12,0.4
auth,2025-01-12T11:13:00Z,3,145.33,158.0,161.6,161.92,0.6667
catalog,2025-01-12T11:13:00Z,3,245.67,296.0,301.4,301.88,0.3333
checkout,2025-01-12T11:13:00Z,3,192.33,187.0,289.6,298.72,0.3333
payments,2025-01-12T11:13:00Z,4,144.25,119.5,275.05,295.81,0.5
search,2025-01-12T11:13:00Z,1,160.0,160.0,160.0,160.0,0.0
auth,2025-01-12T11:14:00Z,2,163.5,163.5,309.75,322.75,1.0
catalog,2025-01-12T11:14:00Z,1,113.0,113.0,113.0,113.0,0.0
checkout,2025-01-12T11:14:00Z,5,226.6,236.0,320.4,325.68,0.6
payments,2025-01-12T11:14:00Z,1,302.0,302.0,302.0,302.0,1.0
search,2025-01-12T11:14:00Z,1,271.0,271.0,271.0,271.0,0.0
auth,2025-01-12T11:15:00Z,2,119.0,119.0,172.1,176.82,0.5
catalog,2025-01-12T11:15:00Z,3,110.0,113.0,167.9,172.78,0.0
checkout,2025-01-12T11:15:00Z,1,56.0,56.0,56.0,56.0,1.0
payments,2025-01-12T11:15:00Z,3,126.33,167.0,191.3,193.46,0.3333
search,2025-01-12T11:15:00Z,4,4958.5,253.0,16421.35,18695.47,0.25
auth,2025-01-12T11:16:00Z,2,171.5,171.5,218.75,222.95,0.5
catalog,2025-01-12T11:16:00Z,3,220.33,263.0,292.7,295.34,0.0
checkout,2025-01-12T11:16:00Z,2,171.5,171.5,173.75,173.95,0.5
payments,2025-01-12T11:16:00Z,2,128.5,128.5,132.55,132.91,1.0
search,2025-01-12T11:16:00Z,2,162.0,162.0,216.0,220.8,0.0
auth,2025-01-12T11:17:00Z,2,203.5,203.5,288.55,296.11,0.5
catalog,2025-01-12T11:17:00Z,3,195.33,181.0,315.1,327.02,0.3333
checkout,2025-01-12T11:17:00Z,2,77.0,77.0,145.4,151.48,0.5
payments,2025-01-12T11:17:00Z,3,132.0,127.0,190.0,195.6,1.0
search,2025-01-12T11:17:00Z,1,165.0,165.0,165.0,165.0,0.0
auth,2025-01-12T11:18:00Z,1,134.0,134.0,134.0,134.0,0.0
catalog,2025-01-12T11:18:00Z,1,195.0,195.0,195.0,195.0,0.0
checkout,2025-01-12T11:18:00Z,4,222.75,200.5,326.25,338.85,0.25
payments,2025-01-12T11:18:00Z,4,167.0,141.5,289.95,302.79,0.5
search,2025-01-12T11:18:00Z,1,206.0,206.0,206.0,206.0,0.0
auth,2025-01-12T11:19:00Z,4,91.25,72.0,207.25,217.45,0.0
catalog,2025-01-12T11:19:00Z,3,251.33,242.0,269.0,271.4,0.3333
checkout,2025-01-12T11:19:00Z,3,121.67,150.0,207.6,212.72,0.3333
payments,2025-01-12T11:19:00Z,1,316.0,316.0,316.0,316.0,0.0
search,2025-01-12T11:19:00Z,2,154.5,154.5,155.85,155.97,0.0
payments,2025-01-12T11:20:00Z,1,329.0,329.0,329.0,329.0,1.0
search,2025-01-12T11:20:00Z,3,174.0,187.0,223.9,227.18,0.3333
auth,2025-01-12T11:21:00Z,2,147.5,147.5,148.85,148.97,0.0
checkout,2025-01-12T11:21:00Z,1,188.0,188.0,188.0,188.0,0.0
payments,2025-01-12T11:21:00Z,2,195.5,195.5,246.35,250.87,0.0
catalog,2025-01-12T11:22:00Z,1,181.0,181.0,181.0,181.0,0.0
checkout,2025-01-12T11:22:00Z,2,142.5,142.5,184.35,188.07,0.5
auth,2025-01-12T11:23:00Z,2,232.5,232.5,267.15,270.23,1.0
catalog,2025-01-12T11:23:00Z,2,242.5,242.5,246.55,246.91,0.0
checkout,2025-01-12T11:23:00Z,2,209.0,209.0,285.5,292.3,0.0
catalog,2025-01-12T11:24:00Z,2,126.5,126.5,183.65,188.73,1.0
checkout,2025-01-12T11:24:00Z,4,179.75,148.5,299.15,315.83,0.75
payments,2025-01-12T11:24:00Z,4,181.75,197.5,284.9,286.58,0.25
search,2025-01-12T11:24:00Z,1,209.0,209.0,209.0,209.0,0.0
auth,2025-01-12T11:25:00Z,2,158.0,158.0,203.0,207.0,1.0
catalog,2025-01-12T11:25:00Z,1,115.0,115.0,115.0,115.0,0.0
checkout,2025-01-12T11:25:00Z,2,212.5,212.5,226.45,227.69,0.0
payments,2025-01-12T11:25:00Z,5,129.6,106.0,278.6,302.92,0.2
search,2025-01-12T11:25:00Z,1,226.0,226.0,226.0,226.0,0.0
catalog,2025-01-12T11:26:00Z,2,346.0,346.0,455.8,465.56,0.0
payments,2025-01-12T11:26:00Z,5,144.4,115.0,248.6,252.92,0.6
search,2025-01-12T11:26:00Z,4,110.67,123.0,156.3,159.26,0.25
catalog,2025-01-12T11:27:00Z,2,223.5,223.5,346.35,357.27,0.0
checkout,2025-01-12T11:27:00Z,3,276.33,331.0,339.1,339.82,0.0
payments,2025-01-12T11:27:00Z,4,180.5,143.5,337.85,359.57,0.25
search,2025-01-12T11:27:00Z,5,190.2,205.0,345.6,367.52,0.2
auth,2025-01-12T11:28:00Z,1,210.0,210.0,210.0,210.0,1.0
catalog,2025-01-12T11:28:00Z,2,266.5,266.5,282.25,283.65,0.5
checkout,2025-01-12T11:28:00Z,3,162.0,138.0,229.8,237.96,0.6667
auth,2025-01-12T11:29:00Z,2,181.0,181.0,221.5,225.1,0.5
catalog,2025-01-12T11:29:00Z,4,237.5,224.5,300.45,307.29,0.25
checkout,2025-01-12T11:29:00Z,1,232.0,232.0,232.0,232.0,1.0
payments,2025-01-12T11:29:00Z,1,165.0,165.0,165.0,165.0,0.0
search,2025-01-12T11:29:00Z,2,127.0,127.0,160.3,163.26,0.5
auth,2025-01-12T11:30:00Z,1,309.0,309.0,309.0,309.0,0.0
catalog,2025-01-12T11:30:00Z,5,206.6,186.0,299.8,313.56,0.6
checkout,2025-01-12T11:30:00Z,4,204.75,216.0,262.9,269.38,0.75
search,2025-01-12T11:30:00Z,3,202.67,150.0,296.7,309.74,0.3333
auth,2025-01-12T11:31:00Z,2,130.0,130.0,156.1,158.42,0.5
catalog,2025-01-12T11:31:00Z,2,72.5,72.5,134.15,139.63,0.0
checkout,2025-01-12T11:31:00Z,1,152.0,152.0,152.0,152.0,1.0
payments,2025-01-12T11:31:00Z,1,278.0,278.0,278.0,278.0,0.0
search,2025-01-12T11:31:00Z,5,263.6,236.0,400.0,410.4,0.2
auth,2025-01-12T11:32:00Z,1,103.0,103.0,103.0,103.0,0.0
checkout,2025-01-12T11:32:00Z,2,243.5,243.5,297.05,301.81,0.5
payments,2025-01-12T11:32:00Z,8,194.38,188.5,281.25,299.45,0.875
search,2025-01-12T11:32:00Z,2,134.5,134.5,142.15,142.83,1.0
auth,2025-01-12T11:33:00Z,3,157.33,194.0,237.2,241.04,0.0
catalog,2025-01-12T11:33:00Z,1,104.0,104.0,104.0,104.0,0.0
checkout,2025-01-12T11:33:00Z,3,104.67,88.0,164.5,171.3,0.0
payments,2025-01-12T11:33:00Z,4,151.75,177.0,247.5,251.1,0.5
search,2025-01-12T11:33:00Z,3,115.33,96.0,150.0,154.8,0.3333
auth,2025-01-12T11:34:00Z,3,166.33,195.0,258.9,264.58,0.6667
checkout,2025-01-12T11:34:00Z,6,177.0,192.0,220.5,223.3,0.3333
payments,2025-01-12T11:34:00Z,1,182.0,182.0,182.0,182.0,0.0
search,2025-01-12T11:34:00Z,1,69.0,69.0,69.0,69.0,0.0
auth,2025-01-12T11:35:00Z,4,129.25,127.5,173.4,178.68,0.25
catalog,2025-01-12T11:35:00Z,2,182.0,182.0,202.7,204.54,0.5
checkout,2025-01-12T11:35:00Z,1,286.0,286.0,286.0,286.0,1.0
payments,2025-01-12T11:35:00Z,2,243.5,243.5,288.95,292.99,0.0
search,2025-01-12T11:35:00Z,2,208.0,208.0,278.2,284.44,0.5
auth,2025-01-12T11:36:00Z,4,186.25,192.0,309.7,321.94,0.25
catalog,2025-01-12T11:36:00Z,1,116.0,116.0,116.0,116.0,1.0
checkout,2025-01-12T11:36:00Z,2,189.0,189.0,230.4,234.08,0.5
payments,2025-01-12T11:36:00Z,2,121.5,121.5,229.95,239.59,0.5
search,2025-01-12T11:36:00Z,3,272.67,276.0,352.5,359.3,0.3333
catalog,2025-01-12T11:37:00Z,1,160.0,160.0,160.0,160.0,1.0
checkout,2025-01-12T11:37:00Z,5,182.8,199.0,244.0,246.4,0.6
payments,2025-01-12T11:37:00Z,3,210.33,230.0,239.9,240.78,0.6667
search,2025-01-12T11:37:00Z,4,221.75,256.5,282.65,286.13,0.0
auth,2025-01-12T11:38:00Z,1,,,,,0.0
catalog,2025-01-12T11:38:00Z,3,118.67,131.0,199.4,205.48,0.3333
checkout,2025-01-12T11:38:00Z,2,95.0,95.0,146.3,150.86,0.0
payments,2025-01-12T11:38:00Z,4,201.75,218.5,288.0,292.8,0.75
auth,2025-01-12T11:39:00Z,3,183.0,211.0,223.6,224.72,0.6667
catalog,2025-01-12T11:39:00Z,1,172.0,172.0,172.0,172.0,1.0
checkout,2025-01-12T11:39:00Z,1,218.0,218.0,218.0,218.0,0.0
payments,2025-01-12T11:39:00Z,3,172.33,155.0,206.3,210.86,0.3333
search,2025-01-12T11:39:00Z,1,264.0,264.0,264.0,264.0,1.0
auth,2025-01-12T11:40:00Z,3,250.67,231.0,332.7,341.74,0.6667
catalog,2025-01-12T11:40:00Z,1,132.0,132.0,132.0,132.0,0.0
checkout,2025-01-12T11:40:00Z,2,206.0,206.0,219.5,220.7,0.0
payments,2025-01-12T11:40:00Z,4,144.5,115.0,224.85,239.37,0.75
search,2025-01-12T11:40:00Z,3,126.67,123.0,242.7,253.34,0.3333
auth,2025-01-12T11:41:00Z,3,276.33,277.0,319.3,323.06,0.6667
catalog,2025-01-12T11:41:00Z,3,210.0,177.0,302.1,313.22,0.6667
checkout,2025-01-12T11:41:00Z,2,1890.0,1890.0,3529.8,3675.56,0.0
payments,2025-01-12T11:41:00Z,1,184.0,184.0,184.0,184.0,0.0
search,2025-01-12T11:41:00Z,2,181.5,181.5,244.05,249.61,0.5
auth,2025-01-12T11:42:00Z,1,287.0,287.0,287.0,287.0,0.0
catalog,2025-01-12T11:42:00Z,1,204.0,204.0,204.0,204.0,0.0
checkout,2025-01-12T11:42:00Z,3,254.0,291.0,313.5,315.5,0.6667
search,2025-01-12T11:42:00Z,2,224.5,224.5,236.65,237.73,0.0
auth,2025-01-12T11:43:00Z,3,145.0,123.0,239.1,249.42,0.0
catalog,2025-01-12T11:43:00Z,3,146.0,149.0,181.4,184.28,0.6667
checkout,2025-01-12T11:43:00Z,6,178.67,157.0,269.25,283.45,0.3333
payments,2025-01-12T11:43:00Z,2,156.5,156.5,172.25,173.65,0.5
auth,2025-01-12T11:44:00Z,4,199.0,197.5,281.9,283.58,0.5
catalog,2025-01-12T11:44:00Z,1,108.0,108.0,108.0,108.0,1.0
checkout,2025-01-12T11:44:00Z,2,139.0,139.0,148.9,149.78,0.0
payments,2025-01-12T11:44:00Z,2,279.5,279.5,328.55,332.91,0.5
search,2025-01-12T11:44:00Z,2,247.0,247.0,304.6,309.72,0.0
auth,2025-01-12T11:45:00Z,1,302.0,302.0,302.0,302.0,0.0
catalog,2025-01-12T11:45:00Z,6,1076.67,183.0,4259.0,5339.0,0.3333
checkout,2025-01-12T11:45:00Z,1,144.0,144.0,144.0,144.0,1.0
payments,2025-01-12T11:45:00Z,3,179.67,189.0,194.4,194.88,0.6667
search,2025-01-12T11:45:00Z,2,213.5,213.5,232.85,234.57,0.5
auth,2025-01-12T11:46:00Z,2,173.5,173.5,182.05,182.81,1.0
checkout,2025-01-12T11:46:00Z,2,106.5,106.5,201.45,209.89,0.5
payments,2025-01-12T11:46:00Z,1,213.0,213.0,213.0,213.0,1.0
catalog,2025-01-12T11:47:00Z,1,158.0,158.0,158.0,158.0,0.0
checkout,2025-01-12T11:47:00Z,2,167.5,167.5,277.75,287.55,0.5
payments,2025-01-12T11:47:00Z,1,1.0,1.0,1.0,1.0,1.0
search,2025-01-12T11:47:00Z,2,213.0,213.0,215.7,215.94,0.0
auth,2025-01-12T11:48:00Z,3,201.67,227.0,236.9,237.78,0.6667
catalog,2025-01-12T11:48:00Z,2,240.0,240.0,313.8,320.36,0.0
checkout,2025-01-12T11:48:00Z,3,174.0,174.0,288.3,298.46,0.6667
payments,2025-01-12T11:48:00Z,2,128.0,128.0,186.5,191.7,0.5
search,2025-01-12T11:48:00Z,2,300.5,300.5,327.95,330.39,0.5
auth,2025-01-12T11:49:00Z,3,194.33,110.0,365.6,388.32,0.3333
catalog,2025-01-12T11:49:00Z,1,324.0,324.0,324.0,324.0,1.0
search,2025-01-12T11:49:00Z,3,236.33,274.0,335.2,340.64,0.3333
auth,2025-01-12T11:50:00Z,3,137.67,136.0,211.6,218.32,0.3333
catalog,2025-01-12T11:50:00Z,3,187.33,173.0,264.8,272.96,1.0
checkout,2025-01-12T11:50:00Z,5,161.2,189.0,250.4,262.08,0.0
payments,2025-01-12T11:50:00Z,3,137.0,136.0,156.7,158.54,0.0
search,2025-01-12T11:50:00Z,1,132.0,132.0,132.0,132.0,0.0
auth,2025-01-12T11:51:00Z,1,161.0,161.0,161.0,161.0,0.0
catalog,2025-01-12T11:51:00Z,1,239.0,239.0,239.0,239.0,0.0
checkout,2025-01-12T11:51:00Z,2,60.0,60.0,74.4,75.68,0.5
payments,2025-01-12T11:51:00Z,2,289.5,289.5,292.65,292.93,0.5
search,2025-01-12T11:51:00Z,2,218.0,218.0,335.0,345.4,0.0
auth,2025-01-12T11:52:00Z,4,143.0,196.0,201.4,201.88,0.25
catalog,2025-01-12T11:52:00Z,2,204.0,204.0,213.0,213.8,0.0
checkout,2025-01-12T11:52:00Z,1,201.0,201.0,201.0,201.0,1.0
payments,2025-01-12T11:52:00Z,1,245.0,245.0,245.0,245.0,1.0
search,2025-01-12T11:52:00Z,3,231.67,225.0,245.7,247.54,0.6667
auth,2025-01-12T11:53:00Z,2,184.0,184.0,200.2,201.64,1.0
catalog,2025-01-12T11:53:00Z,3,194.0,194.0,218.3,220.46,0.6667
checkout,2025-01-12T11:53:00Z,2,121.0,121.0,164.2,168.04,1.0
payments,2025-01-12T11:53:00Z,2,123.5,123.5,125.75,125.95,1.0
auth,2025-01-12T11:54:00Z,5,183.6,165.0,272.4,289.68,0.4
checkout,2025-01-12T11:54:00Z,4,104.5,80.5,186.45,200.49,0.75
payments,2025-01-12T11:54:00Z,2,205.5,205.5,242.85,246.17,0.0
auth,2025-01-12T11:55:00Z,2,72.0,72.0,108.0,111.2,0.0
catalog,2025-01-12T11:55:00Z,3,215.33,183.0,271.2,279.04,0.0
checkout,2025-01-12T11:55:00Z,2,225.5,225.5,241.25,242.65,0.0
payments,2025-01-12T11:55:00Z,2,32.0,32.0,59.9,62.38,0.5
search,2025-01-12T11:55:00Z,1,189.0,189.0,189.0,189.0,1.0
auth,2025-01-12T11:56:00Z,5,175.2,156.0,302.4,324.48,0.2
catalog,2025-01-12T11:56:00Z,4,148.75,140.5,198.85,206.17,0.0
checkout,2025-01-12T11:56:00Z,2,110.0,110.0,137.0,139.4,0.0
payments,2025-01-12T11:56:00Z,2,256.5,256.5,319.05,324.61,0.5
search,2025-01-12T11:56:00Z,2,145.5,145.5,220.65,227.33,0.0
auth,2025-01-12T11:57:00Z,3,101.33,134.0,152.0,153.6,0.0
catalog,2025-01-12T11:57:00Z,1,93.0,93.0,93.0,93.0,1.0
checkout,2025-01-12T11:57:00Z,3,154.0,141.0,249.0,258.6,0.3333
search,2025-01-12T11:57:00Z,2,237.0,237.0,309.0,315.4,1.0
auth,2025-01-12T11:58:00Z,3,193.0,155.0,259.4,268.68,0.0
catalog,2025-01-12T11:58:00Z,2,222.0,222.0,222.0,222.0,0.0
checkout,2025-01-12T11:58:00Z,2,242.5,242.5,263.65,265.53,0.5
payments,2025-01-12T11:58:00Z,3,146.67,118.0,221.5,230.7,0.0
search,2025-01-12T11:58:00Z,3,219.67,256.0,257.8,257.96,0.0
auth,2025-01-12T11:59:00Z,3,556.67,248.0,1212.8,1298.56,0.3333
catalog,2025-01-12T11:59:00Z,1,67.0,67.0,67.0,67.0,0.0
checkout,2025-01-12T11:59:00Z,2,230.0,230.0,302.0,308.4,1.0
payments,2025-01-12T11:59:00Z,5,253.0,196.0,448.6,488.92,0.4
search,2025-01-12T11:59:00Z,5,192.4,211.0,300.2,308.04,0.6
